{
  "class_distribution": {
    "5": 1979142780,
    "2": 572544673,
    "6": 3107988573,
    "8": 36997059,
    "9": 9914900430,
    "4": 966381628,
    "7": 32624508,
    "0": 308842999,
    "3": 559209008,
    "1": 318505750
  },
  "balanced_weights": {
    "0": 0.3250147755591471,
    "1": 0.3200466951220617,
    "2": 0.23870817710919248,
    "3": 0.2415376886933719,
    "4": 0.18373743657926309,
    "5": 0.12839065731215576,
    "6": 0.10245479266285648,
    "7": 1.0,
    "8": 0.939049280773071,
    "9": 0.1
  },
  "effective_weights": {
    "0": 1.0,
    "1": 1.0,
    "2": 1.0,
    "3": 1.0,
    "4": 1.0,
    "5": 1.0,
    "6": 1.0,
    "7": 1.0,
    "8": 1.0,
    "9": 1.0
  }
}