{
  "train_loss": [
    1.072373275269461,
    0.7683877727603385,
    0.6998904307902847,
    0.6429518075937725,
    0.6185675533436938,
    0.5871597816601642,
    0.5685811811718493,
    0.5532384577377066,
    0.5374922217255798,
    0.5273997698040956,
    0.5254680767902353,
    0.5048433175073803,
    0.505522911884508,
    0.4812118154204353,
    0.49427185368142734,
    0.47594357557718264,
    0.4721720304278379,
    0.4689830220535974,
    0.46175914500629045,
    0.46244050060187913,
    0.45402730565044763,
    0.4377108888072862,
    0.4428591481229877,
    0.4337277743368518,
    0.4206302149519736,
    0.4251973829875335,
    0.41590120910939593,
    0.4183813924618189,
    0.40433169794346085,
    0.4064813441499162,
    0.3923985049210859,
    0.384736360436645,
    0.39005289461401943,
    0.3859369273179144,
    0.37631263744435917,
    0.3719548205973694,
    0.36685595237418434,
    0.35969542691391476,
    0.35717284531224497,
    0.36127281081939927,
    0.3510195006981739,
    0.3400843216734038,
    0.3476506577835557,
    0.3485884631865591,
    0.3408984025703609,
    0.33692773015788907,
    0.33042930091283595,
    0.3240333874581268,
    0.32546666379791594,
    0.3199862038397657
  ],
  "train_iou": [
    0.26784867919521954,
    0.38494609468707147,
    0.43741826618086344,
    0.4734795529051452,
    0.48774708239033504,
    0.5124803400448984,
    0.5202745069069548,
    0.5316843258570579,
    0.5485729156954327,
    0.5537330335429252,
    0.5626425030796074,
    0.5680079564118331,
    0.5691742601966032,
    0.58956619665671,
    0.5844100670083683,
    0.6076183580120063,
    0.6017192003630066,
    0.6074203464805455,
    0.6152818917925289,
    0.6150612231449695,
    0.6149593470812909,
    0.6309198134454307,
    0.6300290917206459,
    0.6171308329974383,
    0.6437885930574969,
    0.6388403777616064,
    0.646746341919506,
    0.6481757961729601,
    0.6528930893155669,
    0.6545827641279495,
    0.6692660845758984,
    0.6565452454698624,
    0.6656963836547031,
    0.6638588792348659,
    0.6751719661589443,
    0.6819012083515562,
    0.6817531825810575,
    0.6794403485079433,
    0.6752805455314231,
    0.6845755497433368,
    0.6934727666987806,
    0.7024258129852171,
    0.6954876206455205,
    0.6857612061650297,
    0.6953180776763518,
    0.7018442653204008,
    0.7005037917056475,
    0.7184803826113909,
    0.713741737708519,
    0.7149863836763402
  ],
  "val_loss": [
    0.8200051157098067,
    0.6718552274662152,
    0.6287965136661864,
    0.6154643752072987,
    0.5702767915893019,
    0.5585077106952667,
    0.5601907654812461,
    0.5534388203369943,
    0.5368747570012745,
    0.5685914681668867,
    0.5253184118814636,
    0.520406013518049,
    0.5370395816209024,
    0.5494561723449773,
    0.5145084000470346,
    0.49567907996344984,
    0.5039965212345123,
    0.5072990927779883,
    0.5229255996252361,
    0.49210771395449054,
    0.4982884996815732,
    0.4772596322653586,
    0.47888723590917753,
    0.4713530373155025,
    0.491117315857034,
    0.4726881766528414,
    0.4753722470057638,
    0.46302609014929386,
    0.4651165301339668,
    0.4582188814355616,
    0.45557663576644764,
    0.4648326969983285,
    0.45372936521705826,
    0.44944501759713157,
    0.4531961397120827,
    0.4520093490157211,
    0.44535836629700243,
    0.437717804783269,
    0.44678928663856105,
    0.44808073498700796,
    0.447158556235464,
    0.4481273988882701,
    0.43997308690296977,
    0.43857483173671524,
    0.43759126516810637,
    0.4473601080346526,
    0.44584492424078154,
    0.44126399018262563,
    0.4418916294449254,
    0.43671545360172004
  ],
  "val_iou": [
    0.3022970271113473,
    0.3811364634376898,
    0.45789875788390993,
    0.4208503657265792,
    0.5212574991331501,
    0.5444101805981454,
    0.4775500771520528,
    0.5578630744018676,
    0.556125779202466,
    0.5775146856872718,
    0.5918968818222993,
    0.6068941554823606,
    0.5114556857426561,
    0.5308833244030766,
    0.5995248545393465,
    0.6280729810041579,
    0.6146555044273995,
    0.5928696792336128,
    0.6113103598231495,
    0.6195079610017565,
    0.591118844588753,
    0.6216491259371115,
    0.610256929634549,
    0.6223575079691266,
    0.6096850093376663,
    0.6246229225885092,
    0.6348949824811699,
    0.6623626873491265,
    0.6575142130795505,
    0.6479861536015281,
    0.6499478650680008,
    0.6444802646134202,
    0.6476763584183789,
    0.6402960819792191,
    0.6539475810127513,
    0.6590319997337472,
    0.6421118389475421,
    0.6671120900962182,
    0.6527160055777466,
    0.6547314405077669,
    0.6440021593407824,
    0.6625632236787691,
    0.6615604735185296,
    0.6456677732992196,
    0.640778943393268,
    0.6446281608153698,
    0.6595014690844323,
    0.6583780906209434,
    0.6459969563270577,
    0.658368212410273
  ],
  "lr": [
    0.00029979511544580873,
    0.0002991810233575568,
    0.00029815940691897306,
    0.0002967330663097039,
    0.00029490591103021566,
    0.0002926829491861254,
    0.0002900702737613316,
    0.00028707504591756876,
    0.0002837054753661609,
    0.00027997079786577355,
    0.00027588124990784085,
    0.0002714480406590546,
    0.00026668332123781714,
    0.00026160015140887043,
    0.0002562124637873889,
    0.00025053502565064933,
    0.0002445833984619507,
    0.00023837389521772471,
    0.00023192353573474653,
    0.00022524999999999997,
    0.00021837157971106222,
    0.00021130712813983215,
    0.00020407600845702244,
    0.00019669804065905466,
    0.00018919344724282686,
    0.000181582797777255,
    0.0001738869525235145,
    0.00016612700525851418,
    0.00015832422545832006,
    0.00015050000000000003,
    0.0001426757745416799,
    0.00013487299474148582,
    0.00012711304747648546,
    0.00011941720222274495,
    0.00011180655275717316,
    0.00010430195934094536,
    9.69239915429776e-05,
    8.969287186016786e-05,
    8.262842028893775e-05,
    7.575000000000003e-05,
    6.90764642652535e-05,
    6.262610478227528e-05,
    5.641660153804933e-05,
    5.0464974349350744e-05,
    4.4787536212611154e-05,
    3.939984859112958e-05,
    3.4316678762182854e-05,
    2.9551959340945376e-05,
    2.5118750092159123e-05,
    2.1029202134226415e-05
  ]
}